   ,RNTI ,numDLTotal ,numDLnew ,numReTx_DL ,avgMCS_DL ,numULTotal ,numULnew ,numReTx_UL ,avgMCS_UL ,DL_throughput_bits ,DL_goodput_bits ,UL_throughput_bits ,UL_goodput_bits ,TTI ,PulseBWoffset ,numRBs ,NumFrames ,FolderName                    ,prf  ,FreqOffset ,PulseWidth             ,BW       ,DL_throughput_bps ,DL_goodput_bps ,UL_throughput_bps ,UL_goodput_bps ,DLReTxPrcnt ,ULReTxPrcnt
 0 ,   1 ,        98 ,      98 ,         0 ,    24.63 ,        30 ,      30 ,         0 ,    26.6  ,            174688 ,         174688 ,             55344 ,          55344 ,  7 ,      1000000 ,    51 ,        5 ,241223-133529_Run_1_Idx_3487  ,2000 ,   1000000 ,2.6500000000000004e-05 ,20000000 ,        3493760.0 ,     3493760.0 ,        1106880.0 ,     1106880.0 ,        0.0 ,0.0
 1 ,   2 ,        98 ,      98 ,         0 ,    24.39 ,        30 ,      30 ,         0 ,    26.27 ,            173352 ,         173352 ,             54640 ,          54640 ,  7 ,      1000000 ,    51 ,        5 ,241223-133529_Run_1_Idx_3487  ,2000 ,   1000000 ,2.6500000000000004e-05 ,20000000 ,        3467040.0 ,     3467040.0 ,        1092800.0 ,     1092800.0 ,        0.0 ,0.0
 2 ,   3 ,        98 ,      98 ,         0 ,    24.45 ,        30 ,      30 ,         0 ,    26.6  ,            174232 ,         174232 ,             55752 ,          55752 ,  7 ,      1000000 ,    51 ,        5 ,241223-133529_Run_1_Idx_3487  ,2000 ,   1000000 ,2.6500000000000004e-05 ,20000000 ,        3484640.0 ,     3484640.0 ,        1115040.0 ,     1115040.0 ,        0.0 ,0.0
 3 ,   4 ,        98 ,      98 ,         0 ,    24.24 ,        30 ,      30 ,         0 ,    26.2  ,            171688 ,         171688 ,             56752 ,          56752 ,  7 ,      1000000 ,    51 ,        5 ,241223-133529_Run_1_Idx_3487  ,2000 ,   1000000 ,2.6500000000000004e-05 ,20000000 ,        3433760.0 ,     3433760.0 ,        1135040.0 ,     1135040.0 ,        0.0 ,0.0
 4 ,   5 ,        98 ,      98 ,         0 ,    24.37 ,        30 ,      30 ,         0 ,    26.33 ,            170776 ,         170776 ,             56464 ,          56464 ,  7 ,      1000000 ,    51 ,        5 ,241223-133529_Run_1_Idx_3487  ,2000 ,   1000000 ,2.6500000000000004e-05 ,20000000 ,        3415520.0 ,     3415520.0 ,        1129280.0 ,     1129280.0 ,        0.0 ,0.0
 5 ,   6 ,        98 ,      98 ,         0 ,    24.2  ,        29 ,      29 ,         0 ,    26.24 ,            170000 ,         170000 ,             52168 ,          52168 ,  7 ,      1000000 ,    51 ,        5 ,241223-133529_Run_1_Idx_3487  ,2000 ,   1000000 ,2.6500000000000004e-05 ,20000000 ,        3400000.0 ,     3400000.0 ,        1043360.0 ,     1043360.0 ,        0.0 ,0.0
 6 ,   7 ,        98 ,      98 ,         0 ,    24.0  ,        29 ,      29 ,         0 ,    25.9  ,            167944 ,         167944 ,             52008 ,          52008 ,  7 ,      1000000 ,    51 ,        5 ,241223-133529_Run_1_Idx_3487  ,2000 ,   1000000 ,2.6500000000000004e-05 ,20000000 ,        3358880.0 ,     3358880.0 ,        1040160.0 ,     1040160.0 ,        0.0 ,0.0
 7 ,   8 ,        98 ,      98 ,         0 ,    24.53 ,        29 ,      29 ,         0 ,    26.52 ,            172032 ,         172032 ,             53568 ,          53568 ,  7 ,      1000000 ,    51 ,        5 ,241223-133529_Run_1_Idx_3487  ,2000 ,   1000000 ,2.6500000000000004e-05 ,20000000 ,        3440640.0 ,     3440640.0 ,        1071360.0 ,     1071360.0 ,        0.0 ,0.0
 8 ,   9 ,        98 ,      98 ,         0 ,    24.55 ,        29 ,      29 ,         0 ,    26.59 ,            172848 ,         172848 ,             55304 ,          55304 ,  7 ,      1000000 ,    51 ,        5 ,241223-133529_Run_1_Idx_3487  ,2000 ,   1000000 ,2.6500000000000004e-05 ,20000000 ,        3456960.0 ,     3456960.0 ,        1106080.0 ,     1106080.0 ,        0.0 ,0.0
 9 ,  10 ,        98 ,      98 ,         0 ,    25.02 ,        29 ,      29 ,         0 ,    27.0  ,            176048 ,         176048 ,             55880 ,          55880 ,  7 ,      1000000 ,    51 ,        5 ,241223-133529_Run_1_Idx_3487  ,2000 ,   1000000 ,2.6500000000000004e-05 ,20000000 ,        3520960.0 ,     3520960.0 ,        1117600.0 ,     1117600.0 ,        0.0 ,0.0
10 ,  11 ,        97 ,      97 ,         0 ,    24.42 ,        29 ,      29 ,         0 ,    26.52 ,            171416 ,         171416 ,             53000 ,          53000 ,  7 ,      1000000 ,    51 ,        5 ,241223-133529_Run_1_Idx_3487  ,2000 ,   1000000 ,2.6500000000000004e-05 ,20000000 ,        3428320.0 ,     3428320.0 ,        1060000.0 ,     1060000.0 ,        0.0 ,0.0
11 ,  12 ,        97 ,      97 ,         0 ,    24.03 ,        29 ,      29 ,         0 ,    25.9  ,            168240 ,         168240 ,             51560 ,          51560 ,  7 ,      1000000 ,    51 ,        5 ,241223-133529_Run_1_Idx_3487  ,2000 ,   1000000 ,2.6500000000000004e-05 ,20000000 ,        3364800.0 ,     3364800.0 ,        1031200.0 ,     1031200.0 ,        0.0 ,0.0
12 ,  13 ,        97 ,      97 ,         0 ,    24.11 ,        29 ,      29 ,         0 ,    26.24 ,            169176 ,         169176 ,             52896 ,          52896 ,  7 ,      1000000 ,    51 ,        5 ,241223-133529_Run_1_Idx_3487  ,2000 ,   1000000 ,2.6500000000000004e-05 ,20000000 ,        3383520.0 ,     3383520.0 ,        1057920.0 ,     1057920.0 ,        0.0 ,0.0
13 ,  14 ,        97 ,      97 ,         0 ,    24.68 ,        29 ,      29 ,         0 ,    26.79 ,            173440 ,         173440 ,             56648 ,          56648 ,  7 ,      1000000 ,    51 ,        5 ,241223-133529_Run_1_Idx_3487  ,2000 ,   1000000 ,2.6500000000000004e-05 ,20000000 ,        3468800.0 ,     3468800.0 ,        1132960.0 ,     1132960.0 ,        0.0 ,0.0
14 ,  15 ,        97 ,      97 ,         0 ,    23.85 ,        29 ,      29 ,         0 ,    25.83 ,            167680 ,         167680 ,             55208 ,          55208 ,  7 ,      1000000 ,    51 ,        5 ,241223-133529_Run_1_Idx_3487  ,2000 ,   1000000 ,2.6500000000000004e-05 ,20000000 ,        3353600.0 ,     3353600.0 ,        1104160.0 ,     1104160.0 ,        0.0 ,0.0
15 ,  16 ,        97 ,      97 ,         0 ,    24.57 ,        29 ,      29 ,         0 ,    26.24 ,            172904 ,         172904 ,             53672 ,          53672 ,  7 ,      1000000 ,    51 ,        5 ,241223-133529_Run_1_Idx_3487  ,2000 ,   1000000 ,2.6500000000000004e-05 ,20000000 ,        3458080.0 ,     3458080.0 ,        1073440.0 ,     1073440.0 ,        0.0 ,0.0
16 ,  17 ,        97 ,      97 ,         0 ,    24.24 ,        29 ,      29 ,         0 ,    25.97 ,            170664 ,         170664 ,             53224 ,          53224 ,  7 ,      1000000 ,    51 ,        5 ,241223-133529_Run_1_Idx_3487  ,2000 ,   1000000 ,2.6500000000000004e-05 ,20000000 ,        3413280.0 ,     3413280.0 ,        1064480.0 ,     1064480.0 ,        0.0 ,0.0
17 ,  18 ,        97 ,      97 ,         0 ,    24.26 ,        29 ,      29 ,         0 ,    26.03 ,            170360 ,         170360 ,             53864 ,          53864 ,  7 ,      1000000 ,    51 ,        5 ,241223-133529_Run_1_Idx_3487  ,2000 ,   1000000 ,2.6500000000000004e-05 ,20000000 ,        3407200.0 ,     3407200.0 ,        1077280.0 ,     1077280.0 ,        0.0 ,0.0
18 ,  19 ,        97 ,      97 ,         0 ,    24.24 ,        29 ,      29 ,         0 ,    26.1  ,            170008 ,         170008 ,             54920 ,          54920 ,  7 ,      1000000 ,    51 ,        5 ,241223-133529_Run_1_Idx_3487  ,2000 ,   1000000 ,2.6500000000000004e-05 ,20000000 ,        3400160.0 ,     3400160.0 ,        1098400.0 ,     1098400.0 ,        0.0 ,0.0
19 ,  20 ,        97 ,      97 ,         0 ,    24.69 ,        29 ,      29 ,         0 ,    26.45 ,            173400 ,         173400 ,             56104 ,          56104 ,  7 ,      1000000 ,    51 ,        5 ,241223-133529_Run_1_Idx_3487  ,2000 ,   1000000 ,2.6500000000000004e-05 ,20000000 ,        3468000.0 ,     3468000.0 ,        1122080.0 ,     1122080.0 ,        0.0 ,0.0
20 ,   1 ,        52 ,      52 ,         0 ,    23.96 ,        12 ,      12 ,         0 ,    26.33 ,            190256 ,         190256 ,             53160 ,          53160 , 14 ,      1000000 ,    51 ,        5 ,241223-133631_Run_1_Idx_45602 ,2000 ,   1000000 ,3.49e-05               ,20000000 ,        3805120.0 ,     3805120.0 ,        1063200.0 ,     1063200.0 ,        0.0 ,0.0
21 ,   2 ,        52 ,      52 ,         0 ,    24.08 ,        12 ,      12 ,         0 ,    26.17 ,            191352 ,         191352 ,             52904 ,          52904 , 14 ,      1000000 ,    51 ,        5 ,241223-133631_Run_1_Idx_45602 ,2000 ,   1000000 ,3.49e-05               ,20000000 ,        3827040.0 ,     3827040.0 ,        1058080.0 ,     1058080.0 ,        0.0 ,0.0
22 ,   3 ,        52 ,      52 ,         0 ,    24.15 ,        12 ,      12 ,         0 ,    26.67 ,            190152 ,         190152 ,             53672 ,          53672 , 14 ,      1000000 ,    51 ,        5 ,241223-133631_Run_1_Idx_45602 ,2000 ,   1000000 ,3.49e-05               ,20000000 ,        3803040.0 ,     3803040.0 ,        1073440.0 ,     1073440.0 ,        0.0 ,0.0
23 ,   4 ,        52 ,      52 ,         0 ,    23.73 ,        12 ,      12 ,         0 ,    26.0  ,            189656 ,         189656 ,             52648 ,          52648 , 14 ,      1000000 ,    51 ,        5 ,241223-133631_Run_1_Idx_45602 ,2000 ,   1000000 ,3.49e-05               ,20000000 ,        3793120.0 ,     3793120.0 ,        1052960.0 ,     1052960.0 ,        0.0 ,0.0
24 ,   5 ,        52 ,      52 ,         0 ,    24.08 ,        12 ,      12 ,         0 ,    25.67 ,            192744 ,         192744 ,             52136 ,          52136 , 14 ,      1000000 ,    51 ,        5 ,241223-133631_Run_1_Idx_45602 ,2000 ,   1000000 ,3.49e-05               ,20000000 ,        3854880.0 ,     3854880.0 ,        1042720.0 ,     1042720.0 ,        0.0 ,0.0
25 ,   6 ,        52 ,      52 ,         0 ,    24.42 ,        12 ,      12 ,         0 ,    26.33 ,            195448 ,         195448 ,             53160 ,          53160 , 14 ,      1000000 ,    51 ,        5 ,241223-133631_Run_1_Idx_45602 ,2000 ,   1000000 ,3.49e-05               ,20000000 ,        3908960.0 ,     3908960.0 ,        1063200.0 ,     1063200.0 ,        0.0 ,0.0
26 ,   7 ,        52 ,      52 ,         0 ,    24.23 ,        12 ,      12 ,         0 ,    26.17 ,            189592 ,         189592 ,             54016 ,          54016 , 14 ,      1000000 ,    51 ,        5 ,241223-133631_Run_1_Idx_45602 ,2000 ,   1000000 ,3.49e-05               ,20000000 ,        3791840.0 ,     3791840.0 ,        1080320.0 ,     1080320.0 ,        0.0 ,0.0
27 ,   8 ,        52 ,      52 ,         0 ,    23.96 ,        12 ,      12 ,         0 ,    25.67 ,            186240 ,         186240 ,             52136 ,          52136 , 14 ,      1000000 ,    51 ,        5 ,241223-133631_Run_1_Idx_45602 ,2000 ,   1000000 ,3.49e-05               ,20000000 ,        3724800.0 ,     3724800.0 ,        1042720.0 ,     1042720.0 ,        0.0 ,0.0
28 ,   9 ,        52 ,      52 ,         0 ,    24.31 ,        12 ,      12 ,         0 ,    26.17 ,            189568 ,         189568 ,             52904 ,          52904 , 14 ,      1000000 ,    51 ,        5 ,241223-133631_Run_1_Idx_45602 ,2000 ,   1000000 ,3.49e-05               ,20000000 ,        3791360.0 ,     3791360.0 ,        1058080.0 ,     1058080.0 ,        0.0 ,0.0
29 ,  10 ,        52 ,      52 ,         0 ,    24.15 ,        12 ,      12 ,         0 ,    25.83 ,            188288 ,         188288 ,             52392 ,          52392 , 14 ,      1000000 ,    51 ,        5 ,241223-133631_Run_1_Idx_45602 ,2000 ,   1000000 ,3.49e-05               ,20000000 ,        3765760.0 ,     3765760.0 ,        1047840.0 ,     1047840.0 ,        0.0 ,0.0
30 ,  11 ,        52 ,      52 ,         0 ,    24.31 ,        12 ,      12 ,         0 ,    26.33 ,            186888 ,         186888 ,             53160 ,          53160 , 14 ,      1000000 ,    51 ,        5 ,241223-133631_Run_1_Idx_45602 ,2000 ,   1000000 ,3.49e-05               ,20000000 ,        3737760.0 ,     3737760.0 ,        1063200.0 ,     1063200.0 ,        0.0 ,0.0
31 ,  12 ,        52 ,      52 ,         0 ,    24.92 ,        12 ,      12 ,         0 ,    26.67 ,            193712 ,         193712 ,             53672 ,          53672 , 14 ,      1000000 ,    51 ,        5 ,241223-133631_Run_1_Idx_45602 ,2000 ,   1000000 ,3.49e-05               ,20000000 ,        3874240.0 ,     3874240.0 ,        1073440.0 ,     1073440.0 ,        0.0 ,0.0
32 ,  13 ,        52 ,      52 ,         0 ,    24.5  ,        12 ,      12 ,         0 ,    26.33 ,            190384 ,         190384 ,             53160 ,          53160 , 14 ,      1000000 ,    51 ,        5 ,241223-133631_Run_1_Idx_45602 ,2000 ,   1000000 ,3.49e-05               ,20000000 ,        3807680.0 ,     3807680.0 ,        1063200.0 ,     1063200.0 ,        0.0 ,0.0
33 ,  14 ,        52 ,      52 ,         0 ,    24.13 ,        12 ,      12 ,         0 ,    26.33 ,            187072 ,         187072 ,             53160 ,          53160 , 14 ,      1000000 ,    51 ,        5 ,241223-133631_Run_1_Idx_45602 ,2000 ,   1000000 ,3.49e-05               ,20000000 ,        3741440.0 ,     3741440.0 ,        1063200.0 ,     1063200.0 ,        0.0 ,0.0
34 ,  15 ,        52 ,      52 ,         0 ,    24.27 ,        11 ,      11 ,         0 ,    26.09 ,            184792 ,         184792 ,             48296 ,          48296 , 14 ,      1000000 ,    51 ,        5 ,241223-133631_Run_1_Idx_45602 ,2000 ,   1000000 ,3.49e-05               ,20000000 ,        3695840.0 ,     3695840.0 ,         965920.0 ,      965920.0 ,        0.0 ,0.0
35 ,  16 ,        52 ,      52 ,         0 ,    23.85 ,        11 ,      11 ,         0 ,    25.55 ,            183952 ,         183952 ,             47528 ,          47528 , 14 ,      1000000 ,    51 ,        5 ,241223-133631_Run_1_Idx_45602 ,2000 ,   1000000 ,3.49e-05               ,20000000 ,        3679040.0 ,     3679040.0 ,         950560.0 ,      950560.0 ,        0.0 ,0.0
36 ,  17 ,        52 ,      52 ,         0 ,    24.19 ,        11 ,      11 ,         0 ,    26.27 ,            187192 ,         187192 ,             48552 ,          48552 , 14 ,      1000000 ,    51 ,        5 ,241223-133631_Run_1_Idx_45602 ,2000 ,   1000000 ,3.49e-05               ,20000000 ,        3743840.0 ,     3743840.0 ,         971040.0 ,      971040.0 ,        0.0 ,0.0
37 ,  18 ,        52 ,      52 ,         0 ,    24.5  ,        11 ,      11 ,         0 ,    26.27 ,            190800 ,         190800 ,             48552 ,          48552 , 14 ,      1000000 ,    51 ,        5 ,241223-133631_Run_1_Idx_45602 ,2000 ,   1000000 ,3.49e-05               ,20000000 ,        3816000.0 ,     3816000.0 ,         971040.0 ,      971040.0 ,        0.0 ,0.0
38 ,  19 ,        52 ,      52 ,         0 ,    23.81 ,        11 ,      11 ,         0 ,    25.55 ,            182384 ,         182384 ,             47528 ,          47528 , 14 ,      1000000 ,    51 ,        5 ,241223-133631_Run_1_Idx_45602 ,2000 ,   1000000 ,3.49e-05               ,20000000 ,        3647680.0 ,     3647680.0 ,         950560.0 ,      950560.0 ,        0.0 ,0.0
39 ,  20 ,        52 ,      52 ,         0 ,    24.92 ,        11 ,      11 ,         0 ,    26.27 ,            195336 ,         195336 ,             49664 ,          49664 , 14 ,      1000000 ,    51 ,        5 ,241223-133631_Run_1_Idx_45602 ,2000 ,   1000000 ,3.49e-05               ,20000000 ,        3906720.0 ,     3906720.0 ,         993280.0 ,      993280.0 ,        0.0 ,0.0
40 ,   1 ,       160 ,     160 ,         0 ,    24.7  ,        54 ,      52 ,         2 ,    26.56 ,            104456 ,         104456 ,             46040 ,          45496 ,  4 ,            0 ,    51 ,        5 ,241223-133416_Run_1_Idx_50522 ,2000 ,         0 ,6.0299999999999995e-05 ,10000000 ,        2089120.0 ,     2089120.0 ,         920800.0 ,      909920.0 ,        0.0 ,0.037037037037037035
41 ,   2 ,       160 ,     160 ,         0 ,    24.24 ,        53 ,      53 ,         0 ,    26.09 ,            102992 ,         102992 ,             47008 ,          47008 ,  4 ,            0 ,    51 ,        5 ,241223-133416_Run_1_Idx_50522 ,2000 ,         0 ,6.0299999999999995e-05 ,10000000 ,        2059840.0 ,     2059840.0 ,         940160.0 ,      940160.0 ,        0.0 ,0.0
42 ,   3 ,       160 ,     160 ,         0 ,    23.79 ,        53 ,      53 ,         0 ,    25.72 ,            100760 ,         100760 ,             46560 ,          46560 ,  4 ,            0 ,    51 ,        5 ,241223-133416_Run_1_Idx_50522 ,2000 ,         0 ,6.0299999999999995e-05 ,10000000 ,        2015200.0 ,     2015200.0 ,         931200.0 ,      931200.0 ,        0.0 ,0.0
43 ,   4 ,       160 ,     160 ,         0 ,    24.08 ,        53 ,      53 ,         0 ,    25.94 ,            103000 ,         103000 ,             46960 ,          46960 ,  4 ,            0 ,    51 ,        5 ,241223-133416_Run_1_Idx_50522 ,2000 ,         0 ,6.0299999999999995e-05 ,10000000 ,        2060000.0 ,     2060000.0 ,         939200.0 ,      939200.0 ,        0.0 ,0.0
44 ,   5 ,       160 ,     160 ,         0 ,    24.99 ,        54 ,      51 ,         3 ,    26.96 ,            104264 ,         104264 ,             44328 ,          43512 ,  4 ,            0 ,    51 ,        5 ,241223-133416_Run_1_Idx_50522 ,2000 ,         0 ,6.0299999999999995e-05 ,10000000 ,        2085280.0 ,     2085280.0 ,         886560.0 ,      870240.0 ,        0.0 ,0.05555555555555555
45 ,   6 ,       160 ,     160 ,         0 ,    24.42 ,        53 ,      53 ,         0 ,    26.36 ,            104096 ,         104096 ,             47040 ,          47040 ,  4 ,            0 ,    51 ,        5 ,241223-133416_Run_1_Idx_50522 ,2000 ,         0 ,6.0299999999999995e-05 ,10000000 ,        2081920.0 ,     2081920.0 ,         940800.0 ,      940800.0 ,        0.0 ,0.0
46 ,   7 ,       160 ,     160 ,         0 ,    24.62 ,        53 ,      53 ,         0 ,    26.55 ,            106544 ,         106544 ,             46648 ,          46648 ,  4 ,            0 ,    51 ,        5 ,241223-133416_Run_1_Idx_50522 ,2000 ,         0 ,6.0299999999999995e-05 ,10000000 ,        2130880.0 ,     2130880.0 ,         932960.0 ,      932960.0 ,        0.0 ,0.0
47 ,   8 ,       160 ,     160 ,         0 ,    24.21 ,        52 ,      52 ,         0 ,    26.12 ,            104032 ,         104032 ,             45776 ,          45776 ,  4 ,            0 ,    51 ,        5 ,241223-133416_Run_1_Idx_50522 ,2000 ,         0 ,6.0299999999999995e-05 ,10000000 ,        2080640.0 ,     2080640.0 ,         915520.0 ,      915520.0 ,        0.0 ,0.0
48 ,   9 ,       160 ,     160 ,         0 ,    24.31 ,        53 ,      51 ,         2 ,    26.28 ,            104520 ,         104520 ,             44096 ,          43552 ,  4 ,            0 ,    51 ,        5 ,241223-133416_Run_1_Idx_50522 ,2000 ,         0 ,6.0299999999999995e-05 ,10000000 ,        2090400.0 ,     2090400.0 ,         881920.0 ,      871040.0 ,        0.0 ,0.03773584905660377
49 ,  10 ,       160 ,     160 ,         0 ,    24.59 ,        52 ,      52 ,         0 ,    26.5  ,            107280 ,         107280 ,             45616 ,          45616 ,  4 ,            0 ,    51 ,        5 ,241223-133416_Run_1_Idx_50522 ,2000 ,         0 ,6.0299999999999995e-05 ,10000000 ,        2145600.0 ,     2145600.0 ,         912320.0 ,      912320.0 ,        0.0 ,0.0
50 ,  11 ,       160 ,     160 ,         0 ,    24.58 ,        53 ,      52 ,         1 ,    26.58 ,            106168 ,         106168 ,             45912 ,          45640 ,  4 ,            0 ,    51 ,        5 ,241223-133416_Run_1_Idx_50522 ,2000 ,         0 ,6.0299999999999995e-05 ,10000000 ,        2123360.0 ,     2123360.0 ,         918240.0 ,      912800.0 ,        0.0 ,0.018867924528301886
51 ,  12 ,       160 ,     160 ,         0 ,    24.48 ,        52 ,      52 ,         0 ,    26.12 ,            106216 ,         106216 ,             45800 ,          45800 ,  4 ,            0 ,    51 ,        5 ,241223-133416_Run_1_Idx_50522 ,2000 ,         0 ,6.0299999999999995e-05 ,10000000 ,        2124320.0 ,     2124320.0 ,         916000.0 ,      916000.0 ,        0.0 ,0.0
52 ,  13 ,       160 ,     160 ,         0 ,    24.4  ,        53 ,      52 ,         1 ,    26.32 ,            105512 ,         105512 ,             44224 ,          43952 ,  4 ,            0 ,    51 ,        5 ,241223-133416_Run_1_Idx_50522 ,2000 ,         0 ,6.0299999999999995e-05 ,10000000 ,        2110240.0 ,     2110240.0 ,         884480.0 ,      879040.0 ,        0.0 ,0.018867924528301886
53 ,  14 ,       160 ,     160 ,         0 ,    24.53 ,        52 ,      52 ,         0 ,    26.42 ,            105072 ,         105072 ,             45504 ,          45504 ,  4 ,            0 ,    51 ,        5 ,241223-133416_Run_1_Idx_50522 ,2000 ,         0 ,6.0299999999999995e-05 ,10000000 ,        2101440.0 ,     2101440.0 ,         910080.0 ,      910080.0 ,        0.0 ,0.0
54 ,  15 ,       160 ,     160 ,         0 ,    24.03 ,        52 ,      52 ,         0 ,    26.15 ,            103496 ,         103496 ,             45288 ,          45288 ,  4 ,            0 ,    51 ,        5 ,241223-133416_Run_1_Idx_50522 ,2000 ,         0 ,6.0299999999999995e-05 ,10000000 ,        2069920.0 ,     2069920.0 ,         905760.0 ,      905760.0 ,        0.0 ,0.0
55 ,  16 ,       160 ,     160 ,         0 ,    23.91 ,        52 ,      52 ,         0 ,    25.77 ,            102920 ,         102920 ,             45536 ,          45536 ,  4 ,            0 ,    51 ,        5 ,241223-133416_Run_1_Idx_50522 ,2000 ,         0 ,6.0299999999999995e-05 ,10000000 ,        2058400.0 ,     2058400.0 ,         910720.0 ,      910720.0 ,        0.0 ,0.0
56 ,  17 ,       160 ,     160 ,         0 ,    24.35 ,        53 ,      52 ,         1 ,    26.36 ,            102064 ,         102064 ,             45384 ,          45112 ,  4 ,            0 ,    51 ,        5 ,241223-133416_Run_1_Idx_50522 ,2000 ,         0 ,6.0299999999999995e-05 ,10000000 ,        2041280.0 ,     2041280.0 ,         907680.0 ,      902240.0 ,        0.0 ,0.018867924528301886
57 ,  18 ,       160 ,     160 ,         0 ,    24.07 ,        52 ,      52 ,         0 ,    26.08 ,            103072 ,         103072 ,             46464 ,          46464 ,  4 ,            0 ,    51 ,        5 ,241223-133416_Run_1_Idx_50522 ,2000 ,         0 ,6.0299999999999995e-05 ,10000000 ,        2061440.0 ,     2061440.0 ,         929280.0 ,      929280.0 ,        0.0 ,0.0
58 ,  19 ,       160 ,     160 ,         0 ,    23.96 ,        52 ,      52 ,         0 ,    25.92 ,            102448 ,         102448 ,             45824 ,          45824 ,  4 ,            0 ,    51 ,        5 ,241223-133416_Run_1_Idx_50522 ,2000 ,         0 ,6.0299999999999995e-05 ,10000000 ,        2048960.0 ,     2048960.0 ,         916480.0 ,      916480.0 ,        0.0 ,0.0
59 ,  20 ,       160 ,     160 ,         0 ,    24.54 ,        52 ,      52 ,         0 ,    26.35 ,            102808 ,         102808 ,             46936 ,          46936 ,  4 ,            0 ,    51 ,        5 ,241223-133416_Run_1_Idx_50522 ,2000 ,         0 ,6.0299999999999995e-05 ,10000000 ,        2056160.0 ,     2056160.0 ,         938720.0 ,      938720.0 ,        0.0 ,0.0
60 ,   1 ,       160 ,     160 ,         0 ,    23.92 ,        93 ,      92 ,         1 ,    25.69 ,             24488 ,          24488 ,             31296 ,          31024 ,  2 ,      5000000 ,    51 ,        5 ,241223-133151_Run_1_Idx_1764  ,2000 ,   5000000 ,2.24e-05               , 1000000 ,         489760.0 ,      489760.0 ,         625920.0 ,      620480.0 ,        0.0 ,0.010752688172043012
61 ,   2 ,       160 ,     160 ,         0 ,    23.68 ,        94 ,      92 ,         2 ,    25.51 ,             24208 ,          24208 ,             31088 ,          30544 ,  2 ,      5000000 ,    51 ,        5 ,241223-133151_Run_1_Idx_1764  ,2000 ,   5000000 ,2.24e-05               , 1000000 ,         484160.0 ,      484160.0 ,         621760.0 ,      610880.0 ,        0.0 ,0.02127659574468085
62 ,   3 ,       160 ,     160 ,         0 ,    24.1  ,        96 ,      91 ,         5 ,    26.04 ,             24592 ,          24592 ,             31984 ,          30624 ,  2 ,      5000000 ,    51 ,        5 ,241223-133151_Run_1_Idx_1764  ,2000 ,   5000000 ,2.24e-05               , 1000000 ,         491840.0 ,      491840.0 ,         639680.0 ,      612480.0 ,        0.0 ,0.052083333333333336
63 ,   4 ,       160 ,     160 ,         0 ,    23.85 ,        95 ,      92 ,         3 ,    25.65 ,             24416 ,          24416 ,             31488 ,          30672 ,  2 ,      5000000 ,    51 ,        5 ,241223-133151_Run_1_Idx_1764  ,2000 ,   5000000 ,2.24e-05               , 1000000 ,         488320.0 ,      488320.0 ,         629760.0 ,      613440.0 ,        0.0 ,0.031578947368421054
64 ,   5 ,       160 ,     160 ,         0 ,    24.2  ,        94 ,      91 ,         3 ,    26.11 ,             24816 ,          24816 ,             31552 ,          30736 ,  2 ,      5000000 ,    51 ,        5 ,241223-133151_Run_1_Idx_1764  ,2000 ,   5000000 ,2.24e-05               , 1000000 ,         496320.0 ,      496320.0 ,         631040.0 ,      614720.0 ,        0.0 ,0.031914893617021274
65 ,   6 ,       160 ,     160 ,         0 ,    23.59 ,        93 ,      92 ,         1 ,    25.43 ,             24144 ,          24144 ,             30944 ,          30672 ,  2 ,      5000000 ,    51 ,        5 ,241223-133151_Run_1_Idx_1764  ,2000 ,   5000000 ,2.24e-05               , 1000000 ,         482880.0 ,      482880.0 ,         618880.0 ,      613440.0 ,        0.0 ,0.010752688172043012
66 ,   7 ,       160 ,     160 ,         0 ,    24.02 ,        93 ,      91 ,         2 ,    25.88 ,             24856 ,          24856 ,             31456 ,          30912 ,  2 ,      5000000 ,    51 ,        5 ,241223-133151_Run_1_Idx_1764  ,2000 ,   5000000 ,2.24e-05               , 1000000 ,         497120.0 ,      497120.0 ,         629120.0 ,      618240.0 ,        0.0 ,0.021505376344086023
67 ,   8 ,       160 ,     160 ,         0 ,    24.21 ,        92 ,      91 ,         1 ,    26.11 ,             25008 ,          25008 ,             31264 ,          30992 ,  2 ,      5000000 ,    51 ,        5 ,241223-133151_Run_1_Idx_1764  ,2000 ,   5000000 ,2.24e-05               , 1000000 ,         500160.0 ,      500160.0 ,         625280.0 ,      619840.0 ,        0.0 ,0.010869565217391304
68 ,   9 ,       160 ,     160 ,         0 ,    24.21 ,        96 ,      91 ,         5 ,    26.15 ,             25024 ,          25024 ,             32128 ,          30768 ,  2 ,      5000000 ,    51 ,        5 ,241223-133151_Run_1_Idx_1764  ,2000 ,   5000000 ,2.24e-05               , 1000000 ,         500480.0 ,      500480.0 ,         642560.0 ,      615360.0 ,        0.0 ,0.052083333333333336
69 ,  10 ,       160 ,     160 ,         0 ,    23.85 ,        93 ,      91 ,         2 ,    25.69 ,             24736 ,          24736 ,             30896 ,          30352 ,  2 ,      5000000 ,    51 ,        5 ,241223-133151_Run_1_Idx_1764  ,2000 ,   5000000 ,2.24e-05               , 1000000 ,         494720.0 ,      494720.0 ,         617920.0 ,      607040.0 ,        0.0 ,0.021505376344086023
70 ,  11 ,       160 ,     160 ,         0 ,    24.12 ,        94 ,      90 ,         4 ,    26.04 ,             24928 ,          24928 ,             31360 ,          30272 ,  2 ,      5000000 ,    51 ,        5 ,241223-133151_Run_1_Idx_1764  ,2000 ,   5000000 ,2.24e-05               , 1000000 ,         498560.0 ,      498560.0 ,         627200.0 ,      605440.0 ,        0.0 ,0.0425531914893617
71 ,  12 ,       160 ,     160 ,         0 ,    24.45 ,        93 ,      90 ,         3 ,    26.16 ,             25256 ,          25256 ,             31344 ,          30528 ,  2 ,      5000000 ,    51 ,        5 ,241223-133151_Run_1_Idx_1764  ,2000 ,   5000000 ,2.24e-05               , 1000000 ,         505120.0 ,      505120.0 ,         626880.0 ,      610560.0 ,        0.0 ,0.03225806451612903
72 ,  13 ,       160 ,     160 ,         0 ,    24.4  ,        93 ,      89 ,         4 ,    26.31 ,             25312 ,          25312 ,             31456 ,          30368 ,  2 ,      5000000 ,    51 ,        5 ,241223-133151_Run_1_Idx_1764  ,2000 ,   5000000 ,2.24e-05               , 1000000 ,         506240.0 ,      506240.0 ,         629120.0 ,      607360.0 ,        0.0 ,0.043010752688172046
73 ,  14 ,       160 ,     160 ,         0 ,    24.48 ,        93 ,      92 ,         1 ,    26.35 ,             25216 ,          25216 ,             31776 ,          31504 ,  2 ,      5000000 ,    51 ,        5 ,241223-133151_Run_1_Idx_1764  ,2000 ,   5000000 ,2.24e-05               , 1000000 ,         504320.0 ,      504320.0 ,         635520.0 ,      630080.0 ,        0.0 ,0.010752688172043012
74 ,  15 ,       160 ,     160 ,         0 ,    24.03 ,        94 ,      91 ,         3 ,    26.11 ,             24736 ,          24736 ,             31632 ,          30816 ,  2 ,      5000000 ,    51 ,        5 ,241223-133151_Run_1_Idx_1764  ,2000 ,   5000000 ,2.24e-05               , 1000000 ,         494720.0 ,      494720.0 ,         632640.0 ,      616320.0 ,        0.0 ,0.031914893617021274
75 ,  16 ,       160 ,     160 ,         0 ,    24.81 ,        95 ,      88 ,         7 ,    26.79 ,             25664 ,          25664 ,             32000 ,          30096 ,  2 ,      5000000 ,    51 ,        5 ,241223-133151_Run_1_Idx_1764  ,2000 ,   5000000 ,2.24e-05               , 1000000 ,         513280.0 ,      513280.0 ,         640000.0 ,      601920.0 ,        0.0 ,0.07368421052631578
76 ,  17 ,       160 ,     160 ,         0 ,    24.12 ,        93 ,      88 ,         5 ,    26.14 ,             24648 ,          24648 ,             31008 ,          29648 ,  2 ,      5000000 ,    51 ,        5 ,241223-133151_Run_1_Idx_1764  ,2000 ,   5000000 ,2.24e-05               , 1000000 ,         492960.0 ,      492960.0 ,         620160.0 ,      592960.0 ,        0.0 ,0.053763440860215055
77 ,  18 ,       160 ,     160 ,         0 ,    24.06 ,        92 ,      88 ,         4 ,    26.09 ,             24760 ,          24760 ,             30768 ,          29680 ,  2 ,      5000000 ,    51 ,        5 ,241223-133151_Run_1_Idx_1764  ,2000 ,   5000000 ,2.24e-05               , 1000000 ,         495200.0 ,      495200.0 ,         615360.0 ,      593600.0 ,        0.0 ,0.043478260869565216
78 ,  19 ,       160 ,     160 ,         0 ,    24.05 ,        92 ,      90 ,         2 ,    25.98 ,             24712 ,          24712 ,             30928 ,          30384 ,  2 ,      5000000 ,    51 ,        5 ,241223-133151_Run_1_Idx_1764  ,2000 ,   5000000 ,2.24e-05               , 1000000 ,         494240.0 ,      494240.0 ,         618560.0 ,      607680.0 ,        0.0 ,0.021739130434782608
79 ,  20 ,       160 ,     160 ,         0 ,    24.66 ,        94 ,      90 ,         4 ,    26.47 ,             25176 ,          25176 ,             31920 ,          30832 ,  2 ,      5000000 ,    51 ,        5 ,241223-133151_Run_1_Idx_1764  ,2000 ,   5000000 ,2.24e-05               , 1000000 ,         503520.0 ,      503520.0 ,         638400.0 ,      616640.0 ,        0.0 ,0.0425531914893617
